Country,,Date,Disease,Dies
США,0,07.05.22,81858744,997503
США,1,06.05.22,81831854,997318
США,2,05.05.22,81694580,996964
США,3,04.05.22,81620383,996704
США,4,03.05.22,81506075,994744
США,5,02.05.22,81444332,993999
США,6,01.05.22,81362688,993733
США,7,30.04.22,81346535,993712
США,8,29.04.22,81323186,993588
США,9,28.04.22,81263135,993164
США,10,27.04.22,81189789,992808
США,11,26.04.22,81101145,992008
США,12,25.04.22,81055811,991677
США,13,24.04.22,80986573,991394
США,14,23.04.22,80974208,991377
США,15,22.04.22,80954558,991327
США,16,21.04.22,80864539,990773
США,17,20.04.22,80805017,990390
США,18,19.04.22,80736117,989495
США,19,18.04.22,80696872,989056
США,20,17.04.22,80635482,988798
США,21,16.04.22,80625120,988609
США,22,15.04.22,80612681,988558
США,23,14.04.22,80573532,988121
США,24,13.04.22,80518989,987343
США,25,12.04.22,80477797,986387
США,26,11.04.22,80449944,985826
США,27,10.04.22,80406370,985504
США,28,09.04.22,80397170,985482
США,29,08.04.22,80384319,985205
США,30,07.04.22,80296887,984571
США,31,06.04.22,80249869,983941
США,32,05.04.22,80209383,982700
США,33,04.04.22,80183801,982223
США,34,03.04.22,80155304,981768
США,35,02.04.22,80151068,981760
США,36,01.04.22,80139338,981610
США,37,31.03.22,80107303,980785
США,38,30.03.22,80061842,980269
США,39,29.03.22,80022811,979101
США,40,28.03.22,79998748,978123
США,41,27.03.22,79959836,977064
США,42,26.03.22,79948075,977008
США,43,25.03.22,79938661,976864
США,44,24.03.22,79892237,976250
США,45,23.03.22,79849247,975394
США,46,22.03.22,79808558,973766
США,47,21.03.22,79783990,973209
США,48,20.03.22,79741713,971681
США,49,19.03.22,79730270,971599
США,50,18.03.22,79719388,971329
США,51,17.03.22,79688041,970529
США,52,16.03.22,79634875,969026
США,53,15.03.22,79588738,967202
США,54,14.03.22,79564354,966121
США,55,13.03.22,79528961,964802
США,56,12.03.22,79517911,964614
США,57,11.03.22,79507694,964359
США,58,10.03.22,79457977,962720
США,59,09.03.22,79411388,960951
США,60,08.03.22,79373683,958932
США,61,07.03.22,79343929,957529
США,62,06.03.22,79279840,955815
США,63,05.03.22,79267444,955610
США,64,04.03.22,79252523,955319
США,65,03.03.22,79201258,953584
США,66,02.03.22,79152640,951880
США,67,01.03.22,79099228,949790
США,68,28.02.22,79052519,948017
США,69,27.02.22,78953596,945865
США,70,26.02.22,78935375,945644
США,71,25.02.22,78887963,944911
США,72,24.02.22,78813584,942838
США,73,23.02.22,78746506,939876
США,74,22.02.22,78661358,936783
США,75,21.02.22,78572010,934614
США,76,20.02.22,78489122,933703
США,77,19.02.22,78466121,933268
США,78,18.02.22,78434715,932614
США,79,17.02.22,78289539,930128
США,80,16.02.22,78187841,927209
США,81,15.02.22,78073003,924022
США,82,14.02.22,77961828,921458
США,83,13.02.22,77791646,918260
США,84,12.02.22,77733334,917698
США,85,11.02.22,77681472,916889
США,86,10.02.22,77472152,914199
США,87,09.02.22,77300879,910934
США,88,08.02.22,77112479,907506
США,89,07.02.22,76898215,904527
США,90,06.02.22,76551822,901465
США,91,05.02.22,76468358,901012
США,92,04.02.22,76381952,900137
США,93,03.02.22,76027012,896030
США,94,02.02.22,75752221,893576
США,95,01.02.22,75422719,890004
США,96,31.01.22,75097338,886672
США,97,30.01.22,74555112,884052
США,98,29.01.22,74357179,883587
США,99,28.01.22,74178562,882426
США,100,27.01.22,73564529,878328
США,101,26.01.22,73058263,875749
США,102,25.01.22,72434260,871918
США,103,24.01.22,71941130,868748
США,104,23.01.22,71019151,866584
США,105,22.01.22,70653756,865880
США,106,21.01.22,70351280,864915
США,107,20.01.22,69510296,861559
США,108,19.01.22,68777782,858664
США,109,18.01.22,67869801,855229
США,110,17.01.22,66740462,852546
США,111,16.01.22,66065516,851525
США,112,15.01.22,65585769,850786
США,113,14.01.22,65177487,849815
США,114,13.01.22,64297543,847077
США,115,12.01.22,63436245,844559
США,116,11.01.22,62587703,841753
США,117,10.01.22,61800485,839284
США,118,09.01.22,60416690,837272
США,119,08.01.22,59931741,836684
США,120,07.01.22,59534080,835870
США,121,06.01.22,58664396,833469
США,122,05.01.22,57829451,831412
США,123,04.01.22,57166940,829230
США,124,03.01.22,56354828,826921
США,125,02.01.22,55309989,825081
США,126,01.01.22,55024111,824703
США,127,31.12.21,54835397,824314
США,128,30.12.21,54321804,823603
США,129,29.12.21,53731144,822108
США,130,28.12.21,53229051,819753
США,131,27.12.21,52867054,817438
США,132,26.12.21,52366507,815645
США,133,25.12.21,52188134,815296
США,134,24.12.21,52101485,815067
США,135,23.12.21,51852982,814373
США,136,22.12.21,51583228,812988
США,137,21.12.21,51339479,808800
США,138,20.12.21,51160078,806849
США,139,19.12.21,50920033,805270
США,140,18.12.21,50830833,804973
США,141,17.12.21,50751072,804329
США,142,16.12.21,50558421,802479
США,143,15.12.21,50416695,801186
США,144,14.12.21,50273069,798933
США,145,13.12.21,50158041,797384
США,146,12.12.21,49972548,795977
США,147,11.12.21,49920244,795625
США,148,10.12.21,49863661,795025
США,149,09.12.21,49705462,793226
США,150,08.12.21,49580935,791654
США,151,07.12.21,49431030,789838
США,152,06.12.21,49317767,788274
США,153,05.12.21,49140079,786857
США,154,04.12.21,49084899,786470
США,155,03.12.21,49018557,785800
США,156,02.12.21,48859937,784221
США,157,01.12.21,48721085,780317
США,158,30.11.21,48583978,778263
США,159,29.11.21,48466877,776627
США,160,28.11.21,48280582,774691
США,161,27.11.21,48237436,774446
США,162,26.11.21,48210898,774134
США,163,25.11.21,48157477,773762
США,164,24.11.21,48118158,773291
США,165,23.11.21,48006579,771581
США,166,22.11.21,47915235,770207
США,167,21.11.21,47770619,768946
США,168,20.11.21,47730790,768730
США,169,19.11.21,47685434,768279
США,170,18.11.21,47558567,766489
США,171,17.11.21,47448735,765138
США,172,16.11.21,47335899,763492
США,173,15.11.21,47248634,762160
США,174,14.11.21,47114595,760852
США,175,13.11.21,47082685,760658
США,176,12.11.21,47038738,760098
США,177,11.11.21,46895239,757638
США,178,10.11.21,46837597,756766
США,179,09.11.21,46742530,755087
США,180,08.11.21,46664172,753660
США,181,07.11.21,46553426,752400
США,182,06.11.21,46516602,752201
США,183,05.11.21,46481747,751738
США,184,04.11.21,46384890,749608
США,185,03.11.21,46303454,748406
США,186,02.11.21,46217861,746447
США,187,01.11.21,46149131,745178
США,188,31.10.21,46035880,743897
США,189,30.10.21,46003562,743664
США,190,29.10.21,45969273,743292
США,191,28.10.21,45874170,741569
США,192,27.10.21,45799081,739726
США,193,26.10.21,45696522,737671
США,194,25.10.21,45629868,736093
США,195,24.10.21,45517308,734619
США,196,23.10.21,45498148,734365
США,197,22.10.21,45465743,733824
США,198,21.10.21,45369795,731963
США,199,20.10.21,45291728,729975
США,200,19.10.21,45200123,726804
США,201,18.10.21,45118220,724675
США,202,17.10.21,45019279,722901
США,203,16.10.21,44987629,722439
США,204,15.10.21,44947848,721893
США,205,14.10.21,44838377,720094
США,206,13.10.21,44751436,717929
США,207,12.10.21,44642979,714721
США,208,11.10.21,44532374,712425
США,209,10.10.21,44436311,711244
США,210,09.10.21,44396641,710767
США,211,08.10.21,44357811,710340
США,212,07.10.21,44226389,708540
США,213,06.10.21,44124865,706077
США,214,05.10.21,44012688,703428
США,215,04.10.21,43917461,701556
США,216,03.10.21,43774544,699634
США,217,02.10.21,43729766,699098
США,218,01.10.21,43681560,698275
США,219,30.09.21,43526729,696128
США,220,29.09.21,43416335,693325
США,221,28.09.21,43294951,690710
США,222,27.09.21,43182202,688208
США,223,26.09.21,43026268,685943
США,224,25.09.21,42971953,685375
США,225,24.09.21,42911456,684538
США,226,23.09.21,42736691,682065
США,227,22.09.21,42607532,678775
США,228,21.09.21,42476185,676090
США,229,20.09.21,42354453,673650
США,230,19.09.21,42182658,671346
США,231,18.09.21,42137785,670957
США,232,17.09.21,42062812,669977
США,233,16.09.21,41851957,667533
США,234,15.09.21,41693180,664072
США,235,14.09.21,41519932,661333
США,236,13.09.21,41374525,659444
США,237,12.09.21,41163747,657284
США,238,11.09.21,41115401,656914
США,239,10.09.21,41026278,656092
США,240,09.09.21,40784260,653620
США,241,08.09.21,40617839,650405
США,242,07.09.21,40440928,648113
США,243,06.09.21,40231755,646042
США,244,05.09.21,40138014,645418
США,245,04.09.21,40074511,645012
США,246,03.09.21,39988600,644363
США,247,02.09.21,39753168,642433
США,248,01.09.21,39574045,639440
США,249,31.08.21,39383534,637406
США,250,30.08.21,39203590,635986
США,251,29.08.21,38974376,634278
США,252,28.08.21,38922361,633968
США,253,27.08.21,38843468,633319
США,254,26.08.21,38604788,631586
США,255,25.08.21,38421014,629389
США,256,24.08.21,38242044,627849
США,257,23.08.21,38087584,626438
США,258,22.08.21,37879350,625108
США,259,21.08.21,37835147,624903
США,260,20.08.21,37742957,624339
США,261,19.08.21,37503878,622879
США,262,18.08.21,37348658,621102
США,263,17.08.21,37181051,619901
США,264,16.08.21,37030460,618878
США,265,15.08.21,36836100,617853
США,266,14.08.21,36789314,617649
США,267,13.08.21,36716250,617383
США,268,12.08.21,36489427,616335
США,269,11.08.21,36345351,615312
США,270,10.08.21,36190914,614522
США,271,09.08.21,36073112,613689
США,272,08.08.21,35913323,613168
США,273,07.08.21,35878449,613044
США,274,06.08.21,35815450,612789
США,275,05.08.21,35563556,611656
США,276,04.08.21,35453864,611143
США,277,03.08.21,35351427,610603
США,278,02.08.21,35253675,610026
США,279,01.08.21,35145314,609681
США,280,31.07.21,35100744,609457
США,281,30.07.21,35056850,609289
США,282,29.07.21,34865401,608408
США,283,28.07.21,34792842,608090
США,284,27.07.21,34719272,607715
США,285,26.07.21,34654278,607271
США,286,25.07.21,34574904,607013
США,287,24.07.21,34546932,606915
США,288,23.07.21,34518187,606789
США,289,22.07.21,34397386,606233
США,290,21.07.21,34340854,605944
США,291,20.07.21,34293122,605583
США,292,19.07.21,34253393,605294
США,293,18.07.21,34204550,605104
США,294,17.07.21,34184222,605017
США,295,16.07.21,34170120,604940
США,296,15.07.21,34092009,604487
США,297,14.07.21,34060046,604137
США,298,13.07.21,34028921,603809
США,299,12.07.21,34002388,603450
США,300,11.07.21,33972964,603221
США,301,10.07.21,33961217,603099
США,302,09.07.21,33951097,603013
США,303,08.07.21,33903502,602549
США,304,07.07.21,33882639,602305
США,305,06.07.21,33862462,601983
США,306,05.07.21,33840180,601682
США,307,04.07.21,33831278,601557
США,308,03.07.21,33826993,601516
США,309,02.07.21,33821579,601423
США,310,01.07.21,33791823,600990
США,311,30.06.21,33776702,600707
США,312,29.06.21,33761350,600404
США,313,28.06.21,33753873,600075
США,314,27.06.21,33740250,599929
США,315,26.06.21,33735628,599853
США,316,25.06.21,33726258,599699
США,317,24.06.21,33701655,599177
США,318,23.06.21,33687181,598835
США,319,22.06.21,33674516,598437
США,320,21.06.21,33663719,598092
США,321,20.06.21,33653165,597834
США,322,19.06.21,33648244,597759
США,323,18.06.21,33639193,597577
США,324,17.06.21,33618011,596971
США,325,16.06.21,33606248,596647
США,326,15.06.21,33594342,596261
США,327,14.06.21,33583613,595931
США,328,13.06.21,33571828,595747
США,329,12.06.21,33566557,595639
США,330,11.06.21,33557397,595363
США,331,10.06.21,33532246,594830
США,332,09.06.21,33517466,594417
США,333,08.06.21,33498901,593932
США,334,07.06.21,33485861,593612
США,335,06.06.21,33471789,593296
США,336,05.06.21,33465772,593133
США,337,04.06.21,33450167,592549
США,338,03.06.21,33432302,592028
США,339,02.06.21,33413908,591393
США,340,01.06.21,33397194,590831
США,341,31.05.21,33376340,590199
США,342,30.05.21,33370065,590027
США,343,29.05.21,33362711,589878
США,344,28.05.21,33349400,589535
США,345,27.05.21,33327156,589004
США,346,26.05.21,33300313,587648
США,347,25.05.21,33275718,586656
США,348,24.05.21,33251126,586010
США,349,23.05.21,33229252,585578
США,350,22.05.21,33215467,585382
США,351,21.05.21,33194254,584895
США,352,20.05.21,33165429,584272
США,353,19.05.21,33135210,583586
США,354,18.05.21,33105606,582912
США,355,17.05.21,33076688,582129
США,356,16.05.21,33051445,581736
США,357,15.05.21,33033753,581469
США,358,14.05.21,33002995,580938
США,359,13.05.21,32960778,580311
США,360,12.05.21,32922041,579521
США,361,11.05.21,32885890,578724
США,362,10.05.21,32850412,578029
США,363,09.05.21,32818035,577640
США,364,08.05.21,32795165,577383
США,365,07.05.21,32759508,576747
США,366,06.05.21,32711094,575930
США,367,05.05.21,32664914,575107
США,368,04.05.21,32618870,574291
США,369,03.05.21,32575974,573379
США,370,02.05.21,32531353,572905
США,371,01.05.21,32500798,572583
США,372,30.04.21,32452021,571837
США,373,29.04.21,32393919,571033
США,374,28.04.21,32335093,570148
США,375,27.04.21,32279906,569147
США,376,26.04.21,32227622,568472
США,377,25.04.21,32185336,567999
США,378,24.04.21,32150567,567699
США,379,23.04.21,32095595,566942
США,380,22.04.21,32032699,566190
США,381,21.04.21,31965981,565251
США,382,20.04.21,31901634,564360
США,383,19.04.21,31839194,563514
США,384,18.04.21,31780644,563027
США,385,17.04.21,31736814,562680
США,386,16.04.21,31681326,561975
США,387,15.04.21,31597853,561110
США,388,14.04.21,31523873,560202
США,389,13.04.21,31448268,559269
США,390,12.04.21,31367427,558390
США,391,11.04.21,31305243,557947
США,392,10.04.21,31257787,557659
США,393,09.04.21,31187252,556901
США,394,08.04.21,31102499,555994
США,395,07.04.21,31022434,554967
США,396,06.04.21,30946656,552367
США,397,05.04.21,30883829,551540
США,398,04.04.21,30816739,551082
США,399,03.04.21,30778816,550772
США,400,02.04.21,30713935,550020
США,401,01.04.21,30639910,549135
США,402,31.03.21,30563051,548034
США,403,30.03.21,30493519,546959
США,404,29.03.21,30431828,546065
США,405,28.03.21,30365956,545440
США,406,27.03.21,30319636,544999
США,407,26.03.21,30255581,544193
США,408,25.03.21,30179209,543040
США,409,24.03.21,30111580,541693
США,410,23.03.21,30023822,540235
США,411,22.03.21,29970963,539291
США,412,21.03.21,29923536,538743
США,413,20.03.21,29888158,538027
США,414,19.03.21,29829293,537263
США,415,18.03.21,29767659,536240
США,416,17.03.21,29705270,534607
США,417,16.03.21,29645996,533418
США,418,15.03.21,29591931,532163
США,419,14.03.21,29540897,531470
США,420,13.03.21,29501621,530960
США,421,12.03.21,29444801,529991
США,422,11.03.21,29382197,528578
США,423,10.03.21,29320406,527025
США,424,09.03.21,29262633,525485
США,425,08.03.21,29207128,523709
США,426,07.03.21,29163030,523015
США,427,06.03.21,29121421,522325
США,428,05.03.21,29060390,520822
США,429,04.03.21,28992510,519110
США,430,03.03.21,28923564,517185
США,431,02.03.21,28856511,514653
США,432,01.03.21,28798094,512736
США,433,28.02.21,28747650,511429
США,434,27.02.21,28695889,510345
США,435,26.02.21,28624603,508838
США,436,25.02.21,28549184,506699
США,437,24.02.21,28471907,504279
США,438,23.02.21,28396884,501048
США,439,22.02.21,28323023,498780
США,440,21.02.21,28267539,497585
США,441,20.02.21,28212275,496382
США,442,19.02.21,28138493,494474
США,443,18.02.21,28063341,491951
США,444,17.02.21,27990762,489370
США,445,16.02.21,27921916,486948
США,446,15.02.21,27862692,485316
США,447,14.02.21,27807242,484378
США,448,13.02.21,27738936,483203
США,449,12.02.21,27648176,480934
США,450,11.02.21,27547593,478092
США,451,10.02.21,27440818,474927
США,452,09.02.21,27345537,471533
США,453,08.02.21,27250158,468498
США,454,07.02.21,27167357,467057
США,455,06.02.21,27077929,465592
США,456,05.02.21,26961070,462860
США,457,04.02.21,26829960,459188
США,458,03.02.21,26704926,455287
США,459,02.02.21,26580556,451401
США,460,01.02.21,26463526,447878
США,461,31.01.21,26338205,446110
США,462,30.01.21,26225350,444167
США,463,29.01.21,26074413,441297
США,464,28.01.21,25910675,437720
США,465,27.01.21,25743910,433893
США,466,26.01.21,25588454,429781
США,467,25.01.21,25437444,425810
США,468,24.01.21,25307842,424047
США,469,23.01.21,25167699,422205
США,470,22.01.21,24989518,418671
США,471,21.01.21,24797743,414895
США,472,20.01.21,24605182,410777
США,473,19.01.21,24417785,406346
США,474,18.01.21,24260884,403957
США,475,17.01.21,24120058,402396
США,476,16.01.21,23943499,400409
США,477,15.01.21,23725816,396848
США,478,14.01.21,23480819,393040
США,479,13.01.21,23245238,389264
США,480,12.01.21,23015894,385252
США,481,11.01.21,22794080,380884
США,482,10.01.21,22590111,379050
США,483,09.01.21,22379262,376962
США,484,08.01.21,22114510,373727
США,485,07.01.21,21810433,369549
США,486,06.01.21,21524179,365536
США,487,05.01.21,21264419,361626
США,488,04.01.21,21031555,358032
США,489,03.01.21,20846039,356059
США,490,02.01.21,20642648,354636
США,491,01.01.21,20370367,352096
США,492,31.12.20,20191459,349854
США,493,30.12.20,19876375,346543
США,494,29.12.20,19658082,342639
США,495,28.12.20,19452104,339028
США,496,27.12.20,19278802,337162
США,497,26.12.20,19142846,335731
США,498,25.12.20,18925408,333823
США,499,24.12.20,18798236,332313
США,500,23.12.20,18585289,329399
США,501,22.12.20,18363849,326029
США,502,21.12.20,18157913,322737
США,503,20.12.20,17961053,320945
США,504,19.12.20,17773856,319243
США,505,18.12.20,17568005,316439
США,506,17.12.20,17320054,313509
США,507,16.12.20,17079802,310064
США,508,15.12.20,16844993,306342
США,509,14.12.20,16618677,303376
США,510,13.12.20,16408837,301731
США,511,12.12.20,16217240,300077
США,512,11.12.20,15992706,297553
США,513,10.12.20,15753796,294184
США,514,09.12.20,15516852,291207
США,515,08.12.20,15300837,288044
США,516,07.12.20,15073780,285471
США,517,06.12.20,14878319,283913
США,518,05.12.20,14698992,282524
США,519,04.12.20,14476983,280142
США,520,03.12.20,14241608,277534
США,521,02.12.20,14021377,274587
США,522,01.12.20,13825212,271777
США,523,30.11.20,13628096,269230
США,524,29.11.20,13473178,267921
США,525,28.11.20,13332834,266886
США,526,27.11.20,13164608,265537
США,527,26.11.20,12949971,263993
США,528,25.11.20,12832721,262590
США,529,24.11.20,12652507,260354
США,530,23.11.20,12478945,258222
США,531,22.11.20,12297434,257157
США,532,21.11.20,12150847,256106
США,533,20.11.20,11971026,254469
США,534,19.11.20,11769359,252534
США,535,18.11.20,11577056,250505
США,536,17.11.20,11405087,248587
США,537,16.11.20,11240441,246885
США,538,15.11.20,11087354,246071
США,539,14.11.20,10947637,245304
США,540,13.11.20,10783587,243944
США,541,12.11.20,10604069,242749
США,542,11.11.20,10445272,241554
США,543,10.11.20,10297589,240132
США,544,09.11.20,10161034,238724
США,545,08.11.20,10044078,237966
США,546,07.11.20,9924404,237413
США,547,06.11.20,9797339,236306
США,548,05.11.20,9670281,235100
США,549,04.11.20,9542200,233941
США,550,03.11.20,9441936,232833
США,551,02.11.20,9317169,231238
США,552,01.11.20,9235361,230684
США,553,31.10.20,9157531,230195
США,554,30.10.20,9070188,229272
США,555,29.10.20,8970339,228217
США,556,28.10.20,8879046,227229
США,557,27.10.20,8792570,226219
США,558,26.10.20,8715346,225212
США,559,25.10.20,8650782,224698
США,560,24.10.20,8589807,224253
США,561,23.10.20,8511431,223293
США,562,22.10.20,8429769,222348
США,563,21.10.20,8350148,221510
США,564,20.10.20,8289442,220353
США,565,19.10.20,8227702,219420
США,566,18.10.20,8159818,218941
США,567,17.10.20,8107645,218483
США,568,16.10.20,8052813,217674
США,569,15.10.20,7982638,216748
США,570,14.10.20,7919101,215920
США,571,13.10.20,7860659,214931
США,572,12.10.20,7810535,214159
США,573,11.10.20,7768453,213769
США,574,10.10.20,7721553,213312
США,575,09.10.20,7666185,212659
США,576,08.10.20,7611105,211692
США,577,07.10.20,7553214,210715
США,578,06.10.20,7504076,209810
США,579,05.10.20,7459530,209114
США,580,04.10.20,7422172,208644
США,581,03.10.20,7389041,208275
США,582,02.10.20,7339761,207604
США,583,01.10.20,7286316,206769
США,584,30.09.20,7240070,205872
США,585,29.09.20,7201437,204965
США,586,28.09.20,7159403,204070
США,587,27.09.20,7121663,203736
США,588,26.09.20,7087884,203434
США,589,25.09.20,7044336,202662
США,590,24.09.20,6997199,201753
США,591,23.09.20,6948318,200858
США,592,22.09.20,6907199,199811
США,593,21.09.20,6868927,198785
США,594,20.09.20,6836883,198379
США,595,19.09.20,6795273,198120
США,596,18.09.20,6749496,197425
США,597,17.09.20,6699310,196469
США,598,16.09.20,6653992,195614
США,599,15.09.20,6615700,194677
США,600,14.09.20,6578522,193479
США,601,13.09.20,6545957,193060
США,602,12.09.20,6505665,192669
США,603,11.09.20,6460081,191934
США,604,10.09.20,6415458,190786
США,605,09.09.20,6376010,189880
США,606,08.09.20,6342372,188778
США,607,07.09.20,6315625,188313
США,608,06.09.20,6291062,187996
США,609,05.09.20,6261943,187562
США,610,04.09.20,6218318,186757
США,611,03.09.20,6169982,185794
США,612,02.09.20,6124841,184777
США,613,01.09.20,6084880,183718
США,614,31.08.20,6042902,182656
США,615,30.08.20,6009539,182171
США,616,29.08.20,5975408,181731
США,617,28.08.20,5932307,180755
США,618,27.08.20,5885836,179827
США,619,26.08.20,5835318,178728
США,620,25.08.20,5793243,177571
США,621,24.08.20,5750569,176345
США,622,23.08.20,5716646,175922
США,623,22.08.20,5684735,175427
США,624,21.08.20,5639060,174461
США,625,20.08.20,5591469,173369
США,626,19.08.20,5546338,172269
США,627,18.08.20,5500454,171580
США,628,17.08.20,5455552,170355
США,629,16.08.20,5417703,169886
США,630,15.08.20,5383041,169278
США,631,14.08.20,5330645,168233
США,632,13.08.20,5260520,166924
США,633,12.08.20,5208863,165886
США,634,11.08.20,5153618,164371
США,635,10.08.20,5096662,163274
США,636,09.08.20,5045045,162757
США,637,08.08.20,4990778,162185
США,638,07.08.20,4926845,161098
США,639,06.08.20,4866258,159807
США,640,05.08.20,4806078,158626
США,641,04.08.20,4751729,157218
США,642,03.08.20,4690071,155963
США,643,02.08.20,4648385,155404
США,644,01.08.20,4601276,154947
США,645,31.07.20,4543696,153828
США,646,30.07.20,4479120,152645
США,647,29.07.20,4409876,151356
США,648,28.07.20,4345748,149916
США,649,27.07.20,4280918,148694
США,650,26.07.20,4221194,147594
США,651,25.07.20,4165354,147060
США,652,24.07.20,4101153,146091
США,653,23.07.20,4026006,144997
США,654,22.07.20,3958119,143911
США,655,21.07.20,3890573,142686
США,656,20.07.20,3822379,141590
США,657,19.07.20,3761716,141061
США,658,18.07.20,3702784,140585
США,659,17.07.20,3638462,139703
США,660,16.07.20,3571990,138788
США,661,15.07.20,3501175,137827
США,662,14.07.20,3435147,136862
США,663,13.07.20,3369485,135966
США,664,12.07.20,3310119,135531
США,665,11.07.20,3249987,135058
США,666,10.07.20,3189548,134304
США,667,09.07.20,3120690,133488
США,668,08.07.20,3061034,132457
США,669,07.07.20,3000728,131616
США,670,06.07.20,2943498,130475
США,671,05.07.20,2900332,130104
США,672,04.07.20,2846602,129781
США,673,03.07.20,2800657,129479
США,674,02.07.20,2749154,128802
США,675,01.07.20,2694210,128063
США,676,30.06.20,2645088,127365
США,677,29.06.20,2595264,126806
США,678,28.06.20,2553968,126437
США,679,27.06.20,2511043,126116
США,680,26.06.20,2470289,125620
США,681,25.06.20,2421243,124994
США,682,24.06.20,2381945,124446
США,683,23.06.20,2345694,123691
США,684,22.06.20,2306964,122952
США,685,21.06.20,2277163,122574
США,686,20.06.20,2251327,122257
США,687,19.06.20,2219501,121693
США,688,18.06.20,2188447,121059
США,689,17.06.20,2160220,120359
США,690,16.06.20,2133170,119612
США,691,15.06.20,2108621,118826
США,692,14.06.20,2087622,118425
США,693,13.06.20,2068721,118077
США,694,12.06.20,2044564,117357
США,695,11.06.20,2019006,116532
США,696,10.06.20,1996728,115715
США,697,09.06.20,1975010,114840
США,698,08.06.20,1954689,113926
США,699,07.06.20,1937790,113415
США,700,06.06.20,1919964,112958
США,701,05.06.20,1899695,112321
США,702,04.06.20,1873256,111443
США,703,03.06.20,1845322,110437
США,704,02.06.20,1826166,109428
США,705,01.06.20,1806076,108448
США,706,31.05.20,1788236,107674
США,707,30.05.20,1769317,107053
США,708,29.05.20,1746237,106102
США,709,28.05.20,1721155,104985
США,710,27.05.20,1699888,103896
США,711,26.05.20,1681125,102418
США,712,25.05.20,1662399,101762
США,713,24.05.20,1643305,101165
США,714,23.05.20,1623131,100524
США,715,22.05.20,1602942,99450
США,716,21.05.20,1579114,98246
США,717,20.05.20,1553962,97056
США,718,19.05.20,1531136,95555
США,719,18.05.20,1510634,94110
США,720,17.05.20,1488326,92891
США,721,16.05.20,1469597,92060
США,722,15.05.20,1445547,90862
США,723,14.05.20,1420696,89197
США,724,13.05.20,1394806,87416
США,725,12.05.20,1374791,85682
США,726,11.05.20,1351409,84093
США,727,10.05.20,1332332,83059
США,728,09.05.20,1313586,82058
США,729,08.05.20,1289132,80593
США,730,07.05.20,1261949,78821
США,731,06.05.20,1234210,76905
США,732,05.05.20,1209728,74586
США,733,04.05.20,1185709,72365
США,734,03.05.20,1161907,71007
США,735,02.05.20,1138174,69804
США,736,01.05.20,1111409,68063
США,737,30.04.20,1076517,66154
США,738,29.04.20,1046815,63962
США,739,28.04.20,1019963,61571
США,740,27.04.20,995390,59330
США,741,26.04.20,970741,57850
США,742,25.04.20,944770,56445
США,743,24.04.20,913856,54711
США,744,23.04.20,881891,52542
США,745,22.04.20,849926,50128
США,746,21.04.20,820045,47662
США,747,20.04.20,793970,45179
США,748,19.04.20,763886,42934
США,749,18.04.20,738464,40954
США,750,17.04.20,711135,39008
США,751,16.04.20,678028,36913
США,752,15.04.20,648390,34730
США,753,14.04.20,622493,32132
США,754,13.04.20,594165,29657
США,755,12.04.20,567022,27674
США,756,11.04.20,540714,25785
США,757,10.04.20,511790,23649
США,758,09.04.20,477507,21463
США,759,08.04.20,441897,19249
США,760,07.04.20,410834,17099
США,761,06.04.20,380798,14523
США,762,05.04.20,349016,12781
США,763,04.04.20,319776,11165
США,764,03.04.20,287931,9562
США,765,02.04.20,255530,8142
США,766,01.04.20,223254,6635
США,767,31.03.20,192079,5359
США,768,30.03.20,165698,4280
США,769,29.03.20,143544,3573
США,770,28.03.20,127417,3018
США,771,27.03.20,105253,2305
США,772,26.03.20,86662,1783
США,773,25.03.20,68841,1366
США,774,24.03.20,56714,1033
США,775,23.03.20,46096,790
США,776,22.03.20,34944,603
США,777,21.03.20,26025,475
США,778,20.03.20,20030,372
США,779,19.03.20,13663,266
США,780,18.03.20,9169,194
США,781,17.03.20,6512,134
США,782,16.03.20,4679,97
США,783,15.03.20,3212,70
США,784,14.03.20,2978,58
США,785,13.03.20,2219,51
США,786,12.03.20,1586,43
США,787,11.03.20,1147,33
США,788,10.03.20,782,28
США,789,09.03.20,594,22
США,790,08.03.20,519,21
США,791,07.03.20,403,17
США,792,06.03.20,237,14
США,793,05.03.20,184,12
США,794,04.03.20,107,11
США,795,03.03.20,74,7
США,796,02.03.20,55,6
США,797,01.03.20,32,1
США,798,29.02.20,25,1
США,799,28.02.20,17,0
США,800,27.02.20,17,0
США,801,26.02.20,16,0
США,802,25.02.20,16,0
США,803,24.02.20,16,0
США,804,23.02.20,16,0
США,805,22.02.20,16,0
США,806,21.02.20,16,0
США,807,20.02.20,14,0
США,808,19.02.20,14,0
США,809,18.02.20,14,0
США,810,17.02.20,14,0
США,811,16.02.20,14,0
США,812,15.02.20,14,0
США,813,14.02.20,14,0
США,814,13.02.20,14,0
США,815,12.02.20,13,0
США,816,11.02.20,13,0
США,817,10.02.20,12,0
США,818,09.02.20,12,0
США,819,08.02.20,12,0
США,820,07.02.20,12,0
США,821,06.02.20,12,0
США,822,05.02.20,11,0
США,823,04.02.20,11,0
США,824,03.02.20,11,0
США,825,02.02.20,8,0
США,826,01.02.20,8,0
Германия,0,07.05.22,25295950,136533
Германия,1,06.05.22,25287462,136523
Германия,2,05.05.22,25215210,136339
Германия,3,04.05.22,25130137,136125
Германия,4,03.05.22,25033970,135942
Германия,5,02.05.22,24927339,135701
Германия,6,01.05.22,24813817,135461
Германия,7,30.04.22,24809785,135461
Германия,8,29.04.22,24798067,135451
Германия,9,28.04.22,24710769,135292
Германия,10,27.04.22,24609159,135078
Германия,11,26.04.22,24337394,134489
Германия,12,25.04.22,24337394,134489
Германия,13,24.04.22,24200596,134185
Германия,14,23.04.22,24180512,134179
Германия,15,22.04.22,24141333,134155
Германия,16,21.04.22,24006254,133921
Германия,17,20.04.22,23844536,133632
Германия,18,19.04.22,23658211,133308
Германия,19,18.04.22,23459628,132960
Германия,20,17.04.22,23437145,132953
Германия,21,16.04.22,23416663,132942
Германия,22,15.04.22,23376879,132929
Германия,23,14.04.22,23339311,132900
Германия,24,13.04.22,23182447,132688
Германия,25,12.04.22,23017079,132378
Германия,26,11.04.22,22878428,132017
Германия,27,10.04.22,22677986,131728
Германия,28,09.04.22,22647197,131715
Германия,29,08.04.22,22591726,131679
Германия,30,07.04.22,22441051,131370
Германия,31,06.04.22,22265788,131036
Германия,32,05.04.22,21849074,130368
Германия,33,04.04.22,21668677,130052
Германия,34,03.04.22,21668677,130052
Германия,35,02.04.22,21553495,129987
Германия,36,01.04.22,21357039,129695
Германия,37,31.03.22,21357095,129708
Германия,38,30.03.22,20829608,129112
Германия,39,29.03.22,20561131,128764
Германия,40,28.03.22,20323779,128457
Германия,41,27.03.22,20256278,128437
Германия,42,26.03.22,20145054,128388
Германия,43,25.03.22,19893028,128110
Германия,44,24.03.22,19596530,127822
Германия,45,23.03.22,19278143,127522
Германия,46,22.03.22,18994411,127193
Германия,47,21.03.22,18772331,126929
Германия,48,20.03.22,18680017,126916
Германия,49,19.03.22,18548225,126867
Германия,50,18.03.22,18287986,126646
Германия,51,17.03.22,17990141,126420
Германия,52,16.03.22,17695210,126142
Германия,53,15.03.22,17432617,125873
Германия,54,14.03.22,17233729,125590
Германия,55,13.03.22,17141351,125571
Германия,56,12.03.22,16994744,125521
Германия,57,11.03.22,16757658,125272
Германия,58,10.03.22,16504822,125023
Германия,59,09.03.22,16242070,124764
Германия,60,08.03.22,16026216,124450
Германия,61,07.03.22,15869417,124126
Германия,62,06.03.22,15790989,124102
Германия,63,05.03.22,15674100,124051
Германия,64,04.03.22,15481890,123796
Германия,65,03.03.22,15264297,123505
Германия,66,02.03.22,15053624,123238
Германия,67,01.03.22,14867218,122937
Германия,68,28.02.22,14745107,122702
Германия,69,27.02.22,14682758,122678
Германия,70,26.02.22,14574845,122621
Германия,71,25.02.22,14399012,122371
Германия,72,24.02.22,14188269,122145
Германия,73,23.02.22,13971947,121902
Германия,74,22.02.22,13762895,121603
Германия,75,21.02.22,13636993,121297
Германия,76,20.02.22,13563126,121275
Германия,77,19.02.22,13445094,121202
Германия,78,18.02.22,13255989,120992
Германия,79,17.02.22,13035941,120728
Германия,80,16.02.22,12800315,120467
Германия,81,15.02.22,12580343,120220
Германия,82,14.02.22,12421126,119977
Германия,83,13.02.22,12344661,119935
Германия,84,12.02.22,12219501,119877
Германия,85,11.02.22,12009712,119679
Германия,86,10.02.22,11769540,119453
Германия,87,09.02.22,11521678,119215
Германия,88,08.02.22,11287428,118943
Германия,89,07.02.22,11117857,118766
Германия,90,06.02.22,11022590,118717
Германия,91,05.02.22,10889417,118676
Германия,92,04.02.22,10671602,118504
Германия,93,03.02.22,10422764,118334
Германия,94,02.02.22,10186644,118170
Германия,95,01.02.22,9978146,117974
Германия,96,31.01.22,9815533,117786
Германия,97,30.01.22,9737215,117725
Германия,98,29.01.22,9618245,117666
Германия,99,28.01.22,9429079,117484
Германия,100,27.01.22,9238931,117314
Германия,101,26.01.22,9035795,117126
Германия,102,25.01.22,8871795,116960
Германия,103,24.01.22,8744840,116746
Германия,104,23.01.22,8681447,116718
Германия,105,22.01.22,8596007,116664
Германия,106,21.01.22,8460546,116485
Германия,107,20.01.22,8320386,116315
Германия,108,19.01.22,8186850,116081
Германия,109,18.01.22,8074527,115842
Германия,110,17.01.22,8000122,115649
Германия,111,16.01.22,7965977,115619
Германия,112,15.01.22,7913473,115572
Германия,113,14.01.22,7835451,115337
Германия,114,13.01.22,7743228,115051
Германия,115,12.01.22,7661811,114735
Германия,116,11.01.22,7581381,114351
Германия,117,10.01.22,7535691,114029
Германия,118,09.01.22,7510436,113977
Германия,119,08.01.22,7473884,113900
Германия,120,07.01.22,7417995,113632
Германия,121,06.01.22,7361660,113368
Германия,122,05.01.22,7297320,112925
Германия,123,04.01.22,7238408,112579
Германия,124,03.01.22,7207847,112223
Германия,125,02.01.22,7189329,112155
Германия,126,01.01.22,7176814,112109
Германия,127,31.12.21,7150422,111925
Германия,128,30.12.21,7109182,111602
Германия,129,29.12.21,7066412,111219
Германия,130,28.12.21,7026369,110805
Германия,131,27.12.21,7005289,110433
Германия,132,26.12.21,6991381,110364
Германия,133,25.12.21,6981281,110276
Германия,134,24.12.21,6959067,110119
Германия,135,23.12.21,6923636,109749
Германия,136,22.12.21,6878709,109324
Германия,137,21.12.21,6833050,108814
Германия,138,20.12.21,6809622,108352
Германия,139,19.12.21,6793536,108233
Германия,140,18.12.21,6764188,108053
Германия,141,17.12.21,6721375,107639
Германия,142,16.12.21,6670407,107202
Германия,143,15.12.21,6613730,106680
Германия,144,14.12.21,6562429,106227
Германия,145,13.12.21,6531606,105754
Германия,146,12.12.21,6509863,105638
Германия,147,11.12.21,6477217,105506
Германия,148,10.12.21,6423520,104996
Германия,149,09.12.21,6362232,104512
Германия,150,08.12.21,6291621,104047
Германия,151,07.12.21,6222020,103520
Германия,152,06.12.21,6185961,103121
Германия,153,05.12.21,6158125,103040
Германия,154,04.12.21,6116070,102946
Германия,155,03.12.21,6051560,102568
Германия,156,02.12.21,5977208,102178
Германия,157,01.12.21,5903999,101790
Германия,158,30.11.21,5836813,101344
Германия,159,29.11.21,5791060,100956
Германия,160,28.11.21,5761696,100883
Германия,161,27.11.21,5717295,100779
Германия,162,26.11.21,5650170,100476
Германия,163,25.11.21,5573756,100119
Германия,164,24.11.21,5497795,99768
Германия,165,23.11.21,5430911,99433
Германия,166,22.11.21,5385585,99124
Германия,167,21.11.21,5354942,99062
Германия,168,20.11.21,5312215,98987
Германия,169,19.11.21,5248291,98739
Германия,170,18.11.21,5195321,98538
Германия,171,17.11.21,5129950,98274
Германия,172,16.11.21,5077124,97980
Германия,173,15.11.21,5045076,97715
Германия,174,14.11.21,5021469,97672
Германия,175,13.11.21,4987971,97617
Германия,176,12.11.21,4942890,97389
Германия,177,11.11.21,4894250,97198
Германия,178,10.11.21,4844054,96963
Германия,179,09.11.21,4804378,96727
Германия,180,08.11.21,4782546,96558
Германия,181,07.11.21,4767033,96525
Германия,182,06.11.21,4743490,96488
Германия,183,05.11.21,4709488,96346
Германия,184,04.11.21,4672368,96192
Германия,185,03.11.21,4638419,96027
Германия,186,02.11.21,4618021,95833
Германия,187,01.11.21,4607208,95752
Германия,188,31.10.21,4597550,95729
Германия,189,30.10.21,4580663,95696
Германия,190,29.10.21,4559120,95606
Германия,191,28.10.21,4534452,95485
Германия,192,27.10.21,4506415,95359
Германия,193,26.10.21,4483203,95245
Германия,194,25.10.21,4472730,95117
Германия,195,24.10.21,4466157,95100
Германия,196,23.10.21,4452425,95077
Германия,197,22.10.21,4437280,94991
Германия,198,21.10.21,4417708,94875
Германия,199,20.10.21,4401631,94808
Германия,200,19.10.21,4384616,94716
Германия,201,18.10.21,4377845,94628
Германия,202,17.10.21,4373789,94618
Германия,203,16.10.21,4365107,94601
Германия,204,15.10.21,4354158,94526
Германия,205,14.10.21,4342640,94461
Германия,206,13.10.21,4330258,94389
Германия,207,12.10.21,4318355,94297
Германия,208,11.10.21,4313384,94209
Германия,209,10.10.21,4310273,94202
Германия,210,09.10.21,4302661,94178
Германия,211,08.10.21,4293807,94113
Германия,212,07.10.21,4283378,94027
Германия,213,06.10.21,4271734,93959
Германия,214,05.10.21,4260187,93883
Германия,215,04.10.21,4255388,93793
Германия,216,03.10.21,4252300,93786
Германия,217,02.10.21,4246136,93777
Германия,218,01.10.21,4237619,93711
Германия,219,30.09.21,4227501,93638
Германия,220,29.09.21,4215351,93571
Германия,221,28.09.21,4203571,93504
Германия,222,27.09.21,4199400,93403
Германия,223,26.09.21,4196378,93393
Германия,224,25.09.21,4188604,93365
Германия,225,24.09.21,4181393,93303
Германия,226,23.09.21,4171666,93238
Германия,227,22.09.21,4160970,93123
Германия,228,21.09.21,4150516,93052
Германия,229,20.09.21,4145852,92971
Германия,230,19.09.21,4142116,92958
Германия,231,18.09.21,4134779,92920
Германия,232,17.09.21,4125878,92857
Германия,233,16.09.21,4114856,92837
Германия,234,15.09.21,4101931,92769
Германия,235,14.09.21,4089476,92686
Германия,236,13.09.21,4083151,92618
Германия,237,12.09.21,4077640,92606
Германия,238,11.09.21,4070295,92598
Германия,239,10.09.21,4059081,92553
Германия,240,09.09.21,4046112,92498
Германия,241,08.09.21,4030681,92448
Германия,242,07.09.21,4017116,92413
Германия,243,06.09.21,4010390,92354
Германия,244,05.09.21,4005641,92346
Германия,245,04.09.21,3995188,92325
Германия,246,03.09.21,3984353,92301
Германия,247,02.09.21,3970102,92256
Германия,248,01.09.21,3956387,92223
Германия,249,31.08.21,3942856,92200
Германия,250,30.08.21,3937106,92140
Германия,251,29.08.21,3932547,92130
Германия,252,28.08.21,3924131,92118
Германия,253,27.08.21,3913828,92096
Германия,254,26.08.21,3901799,92082
Германия,255,25.08.21,3889173,92061
Германия,256,24.08.21,3877612,92022
Германия,257,23.08.21,3871865,91980
Германия,258,22.08.21,3868197,91976
Германия,259,21.08.21,3861147,91973
Германия,260,20.08.21,3853055,91956
Германия,261,19.08.21,3843775,91943
Германия,262,18.08.21,3835375,91921
Германия,263,17.08.21,3827051,91899
Германия,264,16.08.21,3823139,91871
Германия,265,15.08.21,3821013,91867
Германия,266,14.08.21,3816285,91864
Германия,267,13.08.21,3810641,91853
Германия,268,12.08.21,3805063,91834
Германия,269,11.08.21,3799425,91817
Германия,270,10.08.21,3794429,91803
Германия,271,09.08.21,3791949,91784
Германия,272,08.08.21,3790766,91782
Германия,273,07.08.21,3787639,91778
Германия,274,06.08.21,3784433,91754
Германия,275,05.08.21,3780985,91730
Германия,276,04.08.21,3777446,91704
Германия,277,03.08.21,3773875,91679
Германия,278,02.08.21,3772109,91660
Германия,279,01.08.21,3771262,91659
Германия,280,31.07.21,3769165,91658
Германия,281,30.07.21,3766765,91637
Германия,282,29.07.21,3764311,91607
Германия,283,28.07.21,3761169,91586
Германия,284,27.07.21,3758401,91565
Германия,285,26.07.21,3756856,91527
Германия,286,25.07.21,3755898,91524
Германия,287,24.07.21,3754511,91520
Германия,288,23.07.21,3752592,91492
Германия,289,22.07.21,3750503,91458
Германия,290,21.07.21,3748613,91416
Германия,291,20.07.21,3746410,91397
Германия,292,19.07.21,3745227,91363
Германия,293,18.07.21,3744681,91362
Германия,294,17.07.21,3743389,91359
Германия,295,16.07.21,3741781,91337
Германия,296,15.07.21,3740325,91319
Германия,297,14.07.21,3738683,91287
Германия,298,13.07.21,3737135,91259
Германия,299,12.07.21,3736489,91233
Германия,300,11.07.21,3736165,91231
Германия,301,10.07.21,3735420,91225
Германия,302,09.07.21,3734468,91190
Германия,303,08.07.21,3733519,91141
Германия,304,07.07.21,3732549,91110
Германия,305,06.07.21,3731564,91062
Германия,306,05.07.21,3731124,91031
Германия,307,04.07.21,3730912,91030
Германия,308,03.07.21,3730353,91023
Германия,309,02.07.21,3729682,91007
Германия,310,01.07.21,3729033,90938
Германия,311,30.06.21,3728141,90875
Германия,312,29.06.21,3727333,90819
Германия,313,28.06.21,3726929,90762
Германия,314,27.06.21,3726710,90754
Германия,315,26.06.21,3726172,90746
Германия,316,25.06.21,3725580,90678
Германия,317,24.06.21,3724806,90616
Германия,318,23.06.21,3723798,90523
Германия,319,22.06.21,3722782,90472
Германия,320,21.06.21,3722327,90395
Германия,321,20.06.21,3721981,90385
Германия,322,19.06.21,3721139,90369
Германия,323,18.06.21,3720031,90270
Германия,324,17.06.21,3718955,90179
Германия,325,16.06.21,3717625,90074
Германия,326,15.06.21,3716170,89937
Германия,327,14.06.21,3715518,89844
Германия,328,13.06.21,3714969,89834
Германия,329,12.06.21,3713480,89816
Германия,330,11.06.21,3711569,89687
Германия,331,10.06.21,3709129,89585
Германия,332,09.06.21,3705942,89491
Германия,333,08.06.21,3702688,89384
Германия,334,07.06.21,3701484,89244
Германия,335,06.06.21,3700367,89222
Германия,336,05.06.21,3697927,89148
Германия,337,04.06.21,3695633,89026
Германия,338,03.06.21,3692468,88940
Германия,339,02.06.21,3687828,88774
Германия,340,01.06.21,3682911,88595
Германия,341,31.05.21,3681126,88442
Германия,342,30.05.21,3679148,88406
Германия,343,29.05.21,3675296,88350
Германия,344,28.05.21,3669870,88187
Германия,345,27.05.21,3662490,87995
Германия,346,26.05.21,3656177,87726
Германия,347,25.05.21,3653551,87456
Германия,348,24.05.21,3651640,87423
Германия,349,23.05.21,3648958,87380
Германия,350,22.05.21,3642244,87298
Германия,351,21.05.21,3635162,87128
Германия,352,20.05.21,3626393,86902
Германия,353,19.05.21,3614095,86665
Германия,354,18.05.21,3603055,86381
Германия,355,17.05.21,3598846,86160
Германия,356,16.05.21,3593434,86096
Германия,357,15.05.21,3584934,86025
Германия,358,14.05.21,3577040,85848
Германия,359,13.05.21,3565704,85658
Германия,360,12.05.21,3548285,85380
Германия,361,11.05.21,3533376,85112
Германия,362,10.05.21,3527251,84829
Германия,363,09.05.21,3520329,84775
Германия,364,08.05.21,3507673,84648
Германия,365,07.05.21,3491988,84410
Германия,366,06.05.21,3473503,84126
Германия,367,05.05.21,3451550,83876
Германия,368,04.05.21,3433516,83591
Германия,369,03.05.21,3425982,83276
Германия,370,02.05.21,3416822,83192
Германия,371,01.05.21,3400532,83082
Германия,372,30.04.21,3381597,82850
Германия,373,29.04.21,3357268,82544
Германия,374,28.04.21,3332532,82280
Германия,375,27.04.21,3310301,81968
Германия,376,26.04.21,3299325,81624
Германия,377,25.04.21,3287418,81564
Германия,378,24.04.21,3268645,81444
Германия,379,23.04.21,3245253,81158
Германия,380,22.04.21,3217710,80893
Германия,381,21.04.21,3188192,80634
Германия,382,20.04.21,3163308,80303
Германия,383,19.04.21,3153699,80006
Германия,384,18.04.21,3142262,79914
Германия,385,17.04.21,3123077,79847
Германия,386,16.04.21,3099273,79628
Германия,387,15.04.21,3073442,79381
Германия,388,14.04.21,3044016,79088
Германия,389,13.04.21,3022323,78746
Германия,390,12.04.21,3011513,78452
Германия,391,11.04.21,2998268,78353
Германия,392,10.04.21,2980413,78249
Германия,393,09.04.21,2956316,78003
Германия,394,08.04.21,2930852,77707
Германия,395,07.04.21,2910445,77401
Германия,396,06.04.21,2900768,77103
Германия,397,05.04.21,2893883,77013
Германия,398,04.04.21,2885386,76963
Германия,399,03.04.21,2873190,76895
Германия,400,02.04.21,2855061,76775
Германия,401,01.04.21,2833173,76543
Германия,402,31.03.21,2808873,76342
Германия,403,30.03.21,2791822,76093
Германия,404,29.03.21,2782273,75913
Германия,405,28.03.21,2772401,75870
Германия,406,27.03.21,2755225,75780
Германия,407,26.03.21,2734753,75623
Германия,408,25.03.21,2713180,75440
Германия,409,24.03.21,2690523,75212
Германия,410,23.03.21,2674710,74964
Германия,411,22.03.21,2667225,74714
Германия,412,21.03.21,2659516,74664
Германия,413,20.03.21,2645783,74565
Германия,414,19.03.21,2629750,74358
Германия,415,18.03.21,2612268,74132
Германия,416,17.03.21,2594764,73905
Германия,417,16.03.21,2581329,73656
Германия,418,15.03.21,2575849,73418
Германия,419,14.03.21,2569245,73371
Германия,420,13.03.21,2558455,73301
Германия,421,12.03.21,2545781,73062
Германия,422,11.03.21,2532947,72810
Германия,423,10.03.21,2518591,72489
Германия,424,09.03.21,2509445,72189
Германия,425,08.03.21,2505193,71934
Германия,426,07.03.21,2500182,71900
Германия,427,06.03.21,2492079,71804
Германия,428,05.03.21,2482522,71504
Германия,429,04.03.21,2471942,71240
Германия,430,03.03.21,2460030,70881
Германия,431,02.03.21,2451011,70463
Германия,432,01.03.21,2447068,70105
Германия,433,28.02.21,2442336,70045
Германия,434,27.02.21,2434446,69888
Германия,435,26.02.21,2424684,69519
Германия,436,25.02.21,2414687,69125
Германия,437,24.02.21,2402818,68740
Германия,438,23.02.21,2394811,68318
Германия,439,22.02.21,2390928,67903
Германия,440,21.02.21,2386559,67841
Германия,441,20.02.21,2378883,67696
Германия,442,19.02.21,2369719,67206
Германия,443,18.02.21,2360606,66698
Германия,444,17.02.21,2350399,66164
Германия,445,16.02.21,2342843,65604
Германия,446,15.02.21,2338987,65076
Германия,447,14.02.21,2334561,64960
Германия,448,13.02.21,2328447,64742
Германия,449,12.02.21,2320093,64191
Германия,450,11.02.21,2310233,63635
Германия,451,10.02.21,2299996,62969
Германия,452,09.02.21,2291924,62156
Германия,453,08.02.21,2288545,61675
Германия,454,07.02.21,2284010,61517
Германия,455,06.02.21,2275394,61286
Германия,456,05.02.21,2264909,60597
Германия,457,04.02.21,2252001,59742
Германия,458,03.02.21,2237790,58956
Германия,459,02.02.21,2228085,57981
Германия,460,01.02.21,2221971,57120
Германия,461,31.01.21,2216363,56945
Германия,462,30.01.21,2205171,56546
Германия,463,29.01.21,2192850,55752
Германия,464,28.01.21,2178828,54913
Германия,465,27.01.21,2161275,53972
Германия,466,26.01.21,2148077,52990
Германия,467,25.01.21,2141665,52087
Германия,468,24.01.21,2134936,51870
Германия,469,23.01.21,2122679,51521
Германия,470,22.01.21,2106262,50642
Германия,471,21.01.21,2088400,49783
Германия,472,20.01.21,2068002,48770
Германия,473,19.01.21,2052028,47622
Германия,474,18.01.21,2040659,46633
Германия,475,17.01.21,2033518,46419
Германия,476,16.01.21,2019636,45974
Германия,477,15.01.21,2000958,44994
Германия,478,14.01.21,1978590,43881
Германия,479,13.01.21,1953426,42637
Германия,480,12.01.21,1933826,41577
Германия,481,11.01.21,1921024,40686
Германия,482,10.01.21,1908527,40343
Германия,483,09.01.21,1891581,39878
Германия,484,08.01.21,1866887,38795
Германия,485,07.01.21,1835038,37607
Германия,486,06.01.21,1808647,36537
Германия,487,05.01.21,1787410,35518
Германия,488,04.01.21,1775513,34574
Германия,489,03.01.21,1765666,34272
Германия,490,02.01.21,1755351,33960
Германия,491,01.01.21,1742661,33624
Германия,492,31.12.20,1719737,33071
Германия,493,30.12.20,1687185,32107
Германия,494,29.12.20,1664726,30978
Германия,495,28.12.20,1651834,30126
Германия,496,27.12.20,1640858,29778
Германия,497,26.12.20,1627103,29422
Германия,498,25.12.20,1612648,29182
Германия,499,24.12.20,1587115,28770
Германия,500,23.12.20,1554920,27968
Германия,501,22.12.20,1530180,27006
Германия,502,21.12.20,1510652,26275
Германия,503,20.12.20,1494009,26049
Германия,504,19.12.20,1471238,25640
Германия,505,18.12.20,1439938,24938
Германия,506,17.12.20,1406161,24125
Германия,507,16.12.20,1379238,23427
Германия,508,15.12.20,1351510,22475
Германия,509,14.12.20,1337078,21975
Германия,510,13.12.20,1320716,21787
Германия,511,12.12.20,1300516,21466
Германия,512,11.12.20,1272078,20970
Германия,513,10.12.20,1242203,20372
Германия,514,09.12.20,1218524,19932
Германия,515,08.12.20,1197709,19342
Германия,516,07.12.20,1183655,18919
Германия,517,06.12.20,1171323,18772
Германия,518,05.12.20,1153556,18517
Германия,519,04.12.20,1130238,18034
Германия,520,03.12.20,1106789,17602
Германия,521,02.12.20,1084743,17123
Германия,522,01.12.20,1067473,16636
Германия,523,30.11.20,1053869,16248
Германия,524,29.11.20,1042700,16123
Германия,525,28.11.20,1028089,15965
Германия,526,27.11.20,1006394,15586
Германия,527,26.11.20,983588,15160
Германия,528,25.11.20,961320,14771
Германия,529,24.11.20,942687,14361
Германия,530,23.11.20,929133,14112
Германия,531,22.11.20,918269,14022
Германия,532,21.11.20,902528,13884
Германия,533,20.11.20,879564,13630
Германия,534,19.11.20,855916,13370
Германия,535,18.11.20,833307,13119
Германия,536,17.11.20,815746,12814
Германия,537,16.11.20,801327,12547
Германия,538,15.11.20,790503,12485
Германия,539,14.11.20,773556,12378
Германия,540,13.11.20,751095,12200
Германия,541,12.11.20,727553,11982
Германия,542,11.11.20,705687,11767
Германия,543,10.11.20,687200,11506
Германия,544,09.11.20,671868,11352
Германия,545,08.11.20,658505,11289
Германия,546,07.11.20,642488,11226
Германия,547,06.11.20,619089,11096
Германия,548,05.11.20,597583,10930
Германия,549,04.11.20,577593,10812
Германия,550,03.11.20,560379,10661
Германия,551,02.11.20,545027,10530
Германия,552,01.11.20,532930,10481
Германия,553,31.10.20,518753,10452
Германия,554,30.10.20,499694,10349
Германия,555,29.10.20,481013,10272
Германия,556,28.10.20,464239,10183
Германия,557,27.10.20,449275,10098
Германия,558,26.10.20,437866,10056
Германия,559,25.10.20,429181,10032
Германия,560,24.10.20,418005,10003
Германия,561,23.10.20,403291,9954
Германия,562,22.10.20,392049,9905
Германия,563,21.10.20,380762,9875
Германия,564,20.10.20,373167,9836
Германия,565,19.10.20,366299,9789
Германия,566,18.10.20,361974,9777
Германия,567,17.10.20,356387,9767
Германия,568,16.10.20,348557,9734
Германия,569,15.10.20,341223,9710
Германия,570,14.10.20,334585,9677
Германия,571,13.10.20,329453,9634
Германия,572,12.10.20,325331,9621
Германия,573,11.10.20,322864,9615
Германия,574,10.10.20,319381,9604
Германия,575,09.10.20,314660,9589
Германия,576,08.10.20,310144,9578
Германия,577,07.10.20,306086,9562
Германия,578,06.10.20,303258,9546
Германия,579,05.10.20,300619,9534
Германия,580,04.10.20,299237,9529
Германия,581,03.10.20,296958,9527
Германия,582,02.10.20,294395,9508
Германия,583,01.10.20,291722,9500
Германия,584,30.09.20,289219,9488
Германия,585,29.09.20,287421,9471
Германия,586,28.09.20,285332,9460
Германия,587,27.09.20,284140,9457
Германия,588,26.09.20,282730,9452
Германия,589,25.09.20,280223,9443
Германия,590,24.09.20,278070,9428
Германия,591,23.09.20,275927,9409
Германия,592,22.09.20,274158,9396
Германия,593,21.09.20,272337,9386
Германия,594,20.09.20,271415,9386
Германия,595,19.09.20,270070,9384
Германия,596,18.09.20,267773,9378
Германия,597,17.09.20,265857,9371
Германия,598,16.09.20,263663,9368
Германия,599,15.09.20,261762,9362
Германия,600,14.09.20,260355,9350
Германия,601,13.09.20,259428,9349
Германия,602,12.09.20,258480,9347
Германия,603,11.09.20,256850,9342
Германия,604,10.09.20,255366,9341
Германия,605,09.09.20,253474,9338
Германия,606,08.09.20,252298,9329
Германия,607,07.09.20,250799,9325
Германия,608,06.09.20,249985,9325
Германия,609,05.09.20,248997,9324
Германия,610,04.09.20,247619,9322
Германия,611,03.09.20,246166,9321
Германия,612,02.09.20,244855,9313
Германия,613,01.09.20,243599,9302
Германия,614,31.08.20,242381,9298
Германия,615,30.08.20,241771,9295
Германия,616,29.08.20,240986,9289
Германия,617,28.08.20,239507,9288
Германия,618,27.08.20,237936,9285
Германия,619,26.08.20,236429,9280
Германия,620,25.08.20,234853,9277
Германия,621,24.08.20,233575,9272
Германия,622,23.08.20,232864,9269
Германия,623,22.08.20,232082,9267
Германия,624,21.08.20,230048,9260
Германия,625,20.08.20,228621,9253
Германия,626,19.08.20,226914,9243
Германия,627,18.08.20,225404,9236
Германия,628,17.08.20,224014,9232
Германия,629,16.08.20,223453,9231
Германия,630,15.08.20,222828,9231
Германия,631,14.08.20,221413,9225
Германия,632,13.08.20,219964,9211
Германия,633,12.08.20,218519,9207
Германия,634,11.08.20,217293,9201
Германия,635,10.08.20,216327,9197
Германия,636,09.08.20,215891,9196
Германия,637,08.08.20,215336,9195
Германия,638,07.08.20,214214,9183
Германия,639,06.08.20,213067,9175
Германия,640,05.08.20,212022,9168
Германия,641,04.08.20,211281,9156
Германия,642,03.08.20,210402,9148
Германия,643,02.08.20,209893,9141
Германия,644,01.08.20,209653,9148
Германия,645,31.07.20,208698,9141
Германия,646,30.07.20,207828,9134
Германия,647,29.07.20,206926,9128
Германия,648,28.07.20,206242,9122
Германия,649,27.07.20,205609,9118
Германия,650,26.07.20,205269,9118
Германия,651,25.07.20,204964,9118
Германия,652,24.07.20,204183,9111
Германия,653,23.07.20,203368,9101
Германия,654,22.07.20,202799,9095
Германия,655,21.07.20,202345,9090
Германия,656,20.07.20,201823,9086
Германия,657,19.07.20,201574,9084
Германия,658,18.07.20,201372,9083
Германия,659,17.07.20,200843,9082
Германия,660,16.07.20,200260,9078
Германия,661,15.07.20,199726,9071
Германия,662,14.07.20,199375,9068
Германия,663,13.07.20,198963,9064
Германия,664,12.07.20,198804,9063
Германия,665,11.07.20,198556,9060
Германия,666,10.07.20,198178,9054
Германия,667,09.07.20,197783,9048
Германия,668,08.07.20,197341,9036
Германия,669,07.07.20,196944,9024
Германия,670,06.07.20,196554,9016
Германия,671,05.07.20,196335,9012
Германия,672,04.07.20,196096,9010
Германия,673,03.07.20,195674,9003
Германия,674,02.07.20,195228,8994
Германия,675,01.07.20,194725,8985
Германия,676,30.06.20,194259,8973
Германия,677,29.06.20,193761,8961
Германия,678,28.06.20,193499,8957
Германия,679,27.06.20,193243,8954
Германия,680,26.06.20,192556,8948
Германия,681,25.06.20,192079,8927
Германия,682,24.06.20,191449,8914
Германия,683,23.06.20,190862,8895
Германия,684,22.06.20,190359,8885
Германия,685,21.06.20,189822,8882
Германия,686,20.06.20,189135,8883
Германия,687,19.06.20,188534,8872
Германия,688,18.06.20,187764,8856
Германия,689,17.06.20,187184,8830
Германия,690,16.06.20,186839,8800
Германия,691,15.06.20,186461,8791
Германия,692,14.06.20,186269,8787
Германия,693,13.06.20,186022,8781
Германия,694,12.06.20,185674,8763
Германия,695,11.06.20,185416,8755
Германия,696,10.06.20,184861,8729
Германия,697,09.06.20,184543,8711
Германия,698,08.06.20,184193,8674
Германия,699,07.06.20,183979,8668
Германия,700,06.06.20,183678,8646
Германия,701,05.06.20,183271,8613
Германия,702,04.06.20,182764,8581
Германия,703,03.06.20,182370,8551
Германия,704,02.06.20,182028,8522
Германия,705,01.06.20,181815,8511
Германия,706,31.05.20,181482,8500
Германия,707,30.05.20,181196,8489
Германия,708,29.05.20,180458,8450
Германия,709,28.05.20,179717,8411
Германия,710,27.05.20,179364,8349
Германия,711,26.05.20,179002,8302
Германия,712,25.05.20,178570,8257
Германия,713,24.05.20,178281,8247
Германия,714,23.05.20,177850,8216
Германия,715,22.05.20,177212,8174
Германия,716,21.05.20,176752,8147
Германия,717,20.05.20,176007,8090
Германия,718,19.05.20,175210,8007
Германия,719,18.05.20,174697,7935
Германия,720,17.05.20,174355,7914
Германия,721,16.05.20,173772,7881
Германия,722,15.05.20,173152,7824
Германия,723,14.05.20,172239,7723
Германия,724,13.05.20,171306,7634
Германия,725,12.05.20,170508,7533
Германия,726,11.05.20,169575,7417
Германия,727,10.05.20,169218,7395
Германия,728,09.05.20,168551,7369
Германия,729,08.05.20,167300,7266
Германия,730,07.05.20,166091,7119
Германия,731,06.05.20,164807,6996
Германия,732,05.05.20,163860,6831
Германия,733,04.05.20,163175,6692
Германия,734,03.05.20,162496,6649
Германия,735,02.05.20,161703,6575
Германия,736,01.05.20,160758,6481
Германия,737,30.04.20,159119,6288
Германия,738,29.04.20,157641,6115
Германия,739,28.04.20,156337,5913
Германия,740,27.04.20,155193,5750
Германия,741,26.04.20,154175,5640
Германия,742,25.04.20,152438,5500
Германия,743,24.04.20,150383,5321
Германия,744,23.04.20,148046,5094
Германия,745,22.04.20,145694,4879
Германия,746,21.04.20,143457,4598
Германия,747,20.04.20,141672,4404
Германия,748,19.04.20,139897,4294
Германия,749,18.04.20,137439,4110
Германия,750,17.04.20,133830,3868
Германия,751,16.04.20,130450,3569
Германия,752,15.04.20,127584,3254
Германия,753,14.04.20,125098,2969
Германия,754,13.04.20,123016,2799
Германия,755,12.04.20,120479,2673
Германия,756,11.04.20,117658,2544
Германия,757,10.04.20,113525,2373
Германия,758,09.04.20,108202,2107
Германия,759,08.04.20,103228,1861
Германия,760,07.04.20,99225,1607
Германия,761,06.04.20,95391,1434
Германия,762,05.04.20,91714,1342
Германия,763,04.04.20,85778,1158
Германия,764,03.04.20,79696,1017
Германия,765,02.04.20,73522,872
Германия,766,01.04.20,67366,732
Германия,767,31.03.20,61913,583
Германия,768,30.03.20,57298,455
Германия,769,29.03.20,52547,389
Германия,770,28.03.20,48582,325
Германия,771,27.03.20,42288,253
Германия,772,26.03.20,36508,198
Германия,773,25.03.20,31554,149
Германия,774,24.03.20,27436,114
Германия,775,23.03.20,22672,86
Германия,776,22.03.20,18610,55
Германия,777,21.03.20,16662,47
Германия,778,20.03.20,13957,31
Германия,779,19.03.20,10999,20
Германия,780,18.03.20,8198,12
Германия,781,17.03.20,7156,12
Германия,782,16.03.20,6012,12
Германия,783,15.03.20,4838,12
Германия,784,14.03.20,3795,8
Германия,785,13.03.20,3062,5
Германия,786,12.03.20,2369,5
Германия,787,11.03.20,1567,3
Германия,788,10.03.20,1296,2
Германия,789,09.03.20,1112,2
Германия,790,08.03.20,847,0
Германия,791,07.03.20,684,0
Германия,792,06.03.20,534,0
Германия,793,05.03.20,349,0
Германия,794,04.03.20,240,0
Германия,795,03.03.20,188,0
Германия,796,02.03.20,150,0
Германия,797,01.03.20,117,0
Германия,798,29.02.20,66,0
Германия,799,28.02.20,53,0
Германия,800,27.02.20,26,0
Германия,801,26.02.20,21,0
Германия,802,25.02.20,16,0
Германия,803,24.02.20,16,0
Германия,804,23.02.20,16,0
Германия,805,22.02.20,16,0
Германия,806,21.02.20,16,0
Германия,807,20.02.20,16,0
Германия,808,19.02.20,16,0
Германия,809,18.02.20,16,0
Германия,810,17.02.20,16,0
Германия,811,16.02.20,16,0
Германия,812,15.02.20,16,0
Германия,813,14.02.20,16,0
Германия,814,13.02.20,16,0
Германия,815,12.02.20,16,0
Германия,816,11.02.20,16,0
Германия,817,10.02.20,14,0
Германия,818,09.02.20,14,0
Германия,819,08.02.20,13,0
Германия,820,07.02.20,13,0
Германия,821,06.02.20,12,0
Германия,822,05.02.20,12,0
Германия,823,04.02.20,12,0
Германия,824,03.02.20,12,0
Германия,825,02.02.20,10,0
Германия,826,01.02.20,8,0
